-- phpMyAdmin SQL Dump
-- version 5.2.0
-- https://www.phpmyadmin.net/
--
-- Host: 127.0.0.1
-- Generation Time: Dec 04, 2023 at 04:54 AM
-- Server version: 10.4.27-MariaDB
-- PHP Version: 8.1.12

SET SQL_MODE = "NO_AUTO_VALUE_ON_ZERO";
START TRANSACTION;
SET time_zone = "+00:00";


/*!40101 SET @OLD_CHARACTER_SET_CLIENT=@@CHARACTER_SET_CLIENT */;
/*!40101 SET @OLD_CHARACTER_SET_RESULTS=@@CHARACTER_SET_RESULTS */;
/*!40101 SET @OLD_COLLATION_CONNECTION=@@COLLATION_CONNECTION */;
/*!40101 SET NAMES utf8mb4 */;

--
-- Database: `sirefis_db`
--

-- --------------------------------------------------------

--
-- Table structure for table `admin`
--

CREATE TABLE `admin` (
  `admin_id` int(11) NOT NULL,
  `admin_name` varchar(100) NOT NULL,
  `admin_email` varchar(50) NOT NULL,
  `password` varchar(10) NOT NULL
) ENGINE=InnoDB DEFAULT CHARSET=utf8mb4 COLLATE=utf8mb4_general_ci;

-- --------------------------------------------------------

--
-- Table structure for table `company`
--

CREATE TABLE `company` (
  `company_id` int(11) NOT NULL,
  `company_name` varchar(30) NOT NULL,
  `ceo` varchar(100) NOT NULL,
  `location` varchar(200) NOT NULL
) ENGINE=InnoDB DEFAULT CHARSET=utf8mb4 COLLATE=utf8mb4_general_ci;

--
-- Dumping data for table `company`
--

INSERT INTO `company` (`company_id`, `company_name`, `ceo`, `location`) VALUES
(1, 'Advanced Micro Devices, Inc.', 'Lisa Su', 'Californa, United States'),
(2, 'Nvidia Corporation', 'Jensen Huang', 'California, United States');

-- --------------------------------------------------------

--
-- Table structure for table `company_employee`
--

CREATE TABLE `company_employee` (
  `employee_id` int(11) NOT NULL,
  `employee_name` varchar(100) NOT NULL,
  `employee_email` varchar(50) NOT NULL,
  `password` varchar(10) NOT NULL,
  `company_id` int(11) NOT NULL
) ENGINE=InnoDB DEFAULT CHARSET=utf8mb4 COLLATE=utf8mb4_general_ci;

--
-- Dumping data for table `company_employee`
--

INSERT INTO `company_employee` (`employee_id`, `employee_name`, `employee_email`, `password`, `company_id`) VALUES
(1, 'Isal', 'isal@gmail.com', '1234', 1);

-- --------------------------------------------------------

--
-- Table structure for table `failed_jobs`
--

CREATE TABLE `failed_jobs` (
  `id` bigint(20) UNSIGNED NOT NULL,
  `uuid` varchar(255) NOT NULL,
  `connection` text NOT NULL,
  `queue` text NOT NULL,
  `payload` longtext NOT NULL,
  `exception` longtext NOT NULL,
  `failed_at` timestamp NOT NULL DEFAULT current_timestamp()
) ENGINE=InnoDB DEFAULT CHARSET=utf8mb4 COLLATE=utf8mb4_general_ci;

-- --------------------------------------------------------

--
-- Table structure for table `gpu_data`
--

CREATE TABLE `gpu_data` (
  `gpu_id` int(11) NOT NULL,
  `gpu_name` varchar(100) DEFAULT NULL,
  `G3Dmark` varchar(7) DEFAULT NULL,
  `G2Dmark` varchar(7) DEFAULT NULL,
  `price` int(6) DEFAULT NULL,
  `gpu_value` varchar(18) DEFAULT NULL,
  `TDP` varchar(4) DEFAULT NULL,
  `power_performance` varchar(18) DEFAULT NULL,
  `test_date` varchar(8) DEFAULT NULL,
  `category` varchar(19) DEFAULT NULL,
  `company` int(11) NOT NULL
) ENGINE=InnoDB DEFAULT CHARSET=utf8 COLLATE=utf8_general_ci;

--
-- Dumping data for table `gpu_data`
--

INSERT INTO `gpu_data` (`gpu_id`, `gpu_name`, `G3Dmark`, `G2Dmark`, `price`, `gpu_value`, `TDP`, `power_performance`, `test_date`, `category`, `company`) VALUES
(1, 'GeForce RTX 3090 Ti', '29094', '1117', 209999, '1385', '4500', '6465', '2022', 'Desktop', 2),
(2, 'GeForce RTX 3080 Ti', '26887', '1031', 119999, '2241', '3500', '7682', '2021', 'Desktop', 2),
(3, 'GeForce RTX 3090', '26395', '999', 174999, '1508', '3500', '7541', '2020', 'Desktop', 2),
(4, 'Radeon RX 6900 XT', '25458', '1102', 112031, '2272', '3000', '8486', '2020', 'Desktop', 1),
(5, 'GeForce RTX 3080', '24853', '1003', 9990, '2488', '3200', '7766', '2020', 'Desktop', 2),
(6, 'GeForce RTX 3070 Ti', '23367', '1003', 74999, '3116', '2900', '8058', '2021', 'Desktop', 2),
(7, 'Radeon RX 6800 XT', '23364', '1078', 8590, '272', '3000', '7788', '2020', 'Desktop', 1),
(8, 'RTX A5000', '22867', '984', 26312, '869', '2300', '9942', '2021', 'Workstation', 2),
(9, 'RTX A6000', '22122', '832', 499999, '442', '3000', '7374', '2021', 'Workstation', 2),
(10, 'GeForce RTX 3070', '22093', '969', 71999, '3069', '2200', '10042', '2020', 'Desktop', 2),
(11, 'GeForce RTX 2080 Ti', '21796', '940', 99859, '2183', '2500', '8718', '2018', 'Desktop', 2),
(12, 'RTX A4500', '21546', '892', 213464, '1009', '2000', '10773', '2022', 'Desktop', 2),
(13, 'Radeon RX 6800', '20667', '1030', 75899, '2723', '2500', '8267', '2020', 'Desktop', 1),
(14, 'GeForce RTX 3060 Ti', '20206', '961', 59999, '3368', '2000', '10103', '2020', 'Desktop', 2),
(15, 'TITAN RTX', '20169', '844', 279499, '722', '2800', '7203', '2018', 'Workstation', 2),
(16, 'Quadro RTX 6000', '19692', '837', 63000, '313', '2950', '6675', '2018', 'Workstation', 2),
(17, 'GeForce RTX 2080 SUPER', '19519', '934', 68399, '2854', '2500', '7808', '2019', 'Desktop', 2),
(18, 'Quadro RTX 8000', '19126', '801', 474149, '403', '2600', '7356', '2019', 'Workstation', 2),
(19, 'Radeon RX 6700 XT', '18993', '1014', 52999, '3584', '2300', '8258', '2021', 'Desktop', 1),
(20, 'RTX A4000', '18988', '938', 123398, '1539', '1400', '13563', '2021', 'Workstation', 2),
(21, 'TITAN V', '18816', '845', 199999, '941', '2500', '7526', '2017', 'Desktop', 2),
(22, 'Radeon PRO W6800', '18802', '914', 219499, '857', '2500', '75208', '2021', 'Desktop', 1),
(23, 'GeForce RTX 2080', '18732', '917', 63303, '2959', '2500', '7493', '2018', 'Desktop', 2),
(24, 'GeForce GTX 1080 Ti', '18284', '934', 60415, '3026', '2500', '7314', '2017', 'Desktop', 2),
(25, 'NVIDIA TITAN Xp', '18280', '812', 16450, '1111', '2500', '7312', '2017', 'Desktop', 2),
(26, 'GeForce RTX 2070 SUPER', '18168', '896', 6138, '296', '2150', '845', '2019', 'Desktop', 2),
(27, 'Quadro GV100', '17675', '841', 89990, '196', '2500', '707', '2018', 'Workstation', 2),
(28, 'GeForce RTX 3060', '16958', '951', 3290, '5155', '1700', '9976', '2021', 'Desktop', 2),
(29, 'Radeon RX 5700 XT', '16892', '955', 69494, '2431', '2250', '7508', '2019', 'Desktop', 1),
(30, 'Radeon VII', '16767', '788', 189995, '882', '3000', '5589', '2019', 'Desktop', 1),
(31, 'GeForce RTX 2060 SUPER', '16514', '881', 52889, '3122', '1750', '9437', '2019', 'Desktop', 2),
(32, 'GeForce RTX 2070', '16079', '833', 62744, '2563', '1750', '9188', '2018', 'Desktop', 2),
(33, 'Radeon RX 6600 XT', '15853', '1003', 39999, '3963', '1600', '9908', '2021', 'Desktop', 1),
(34, 'Quadro P6000', '15811', '773', 32500, '487', '2500', '6325', '2016', 'Workstation', 2),
(35, 'Quadro RTX 4000', '15515', '904', 8990, '1726', '1600', '9697', '2019', 'Workstation', 2),
(36, 'GeForce GTX 1080', '15265', '890', 44279, '3447', '1800', '848', '2016', 'Desktop', 2),
(37, 'Radeon Pro W5700', '15085', '908', 164999, '914', '2050', '7359', '2020', 'Desktop', 1),
(38, 'Radeon RX 5700', '14729', '926', 89995, '1637', '1800', '8183', '2019', 'Desktop', 1),
(39, 'Radeon RX Vega 64', '14636', '810', 79999, '183', '2950', '4962', '2017', 'Desktop', 1),
(40, 'GeForce GTX 1070 Ti', '14500', '877', 3890, '3728', '1800', '8056', '2017', 'Desktop', 2),
(41, 'Radeon Pro WX 8200', '14110', '824', 159939, '882', '2300', '6135', '2018', 'Desktop', 1),
(42, 'GeForce RTX 2060', '13953', '752', 38999, '3578', '1600', '872', '2019', 'Desktop', 2),
(43, 'GeForce GTX 980 Ti', '13864', '854', 7194, '1927', '2500', '5545', '2015', 'Desktop', 2),
(44, 'Radeon RX 5600 XT', '13836', '914', 5450, '2539', '1500', '9224', '2020', 'Desktop', 1),
(45, 'Radeon Vega Frontier Edition', '13748', '753', 167999, '818', '3500', '3928', '2017', 'Desktop', 1),
(46, 'GeForce RTX 2080 with Max-Q Design', '13681', '574', 209999, '651', '900', '15201', '2019', 'Mobile', 2),
(47, 'NVIDIA TITAN X', '13660', '912', 6081, '2246', '2500', '5464', '2016', 'Desktop', 2),
(48, 'Radeon RX Vega 56', '13636', '784', 75299, '1811', '2100', '6493', '2017', 'Desktop', 1),
(49, 'GeForce GTX 1070', '13482', '857', 34255, '3936', '1500', '8988', '2016', 'Desktop', 2),
(50, 'GeForce GTX TITAN X', '13173', '843', 109699, '1201', '2500', '5269', '2015', 'Desktop', 2),
(51, 'GeForce GTX 1660 SUPER', '12732', '823', 32999, '3858', '1250', '10185', '2019', 'Desktop', 2),
(52, 'GeForce RTX 3060 Laptop GPU', '12674', '551', 47999, '2641', '1150', '11021', '2021', 'Mobile', 2),
(53, 'Quadro P5000', '11976', '701', 186899, '641', '1800', '6654', '2016', 'Workstation', 2),
(54, 'GeForce GTX 1660 Ti', '11794', '702', 34999, '337', '1200', '9829', '2019', 'Desktop', 2),
(55, 'GeForce GTX 1660', '11695', '796', 39999, '2924', '1200', '9746', '2019', 'Desktop', 2),
(56, 'Quadro P4000', '11422', '820', 55619, '2054', '1050', '10878', '2017', 'Workstation', 2),
(57, 'Quadro M6000', '11397', '788', 109998, '1036', '2500', '4559', '2015', 'Workstation', 2),
(58, 'GeForce GTX 980', '11237', '815', 24735, '4543', '1650', '681', '2014', 'Desktop', 2),
(59, 'GeForce GTX 1060', '10070', '762', 27999, '3597', '1200', '8392', '2016', 'Desktop', 2),
(60, 'GeForce GTX 1650 SUPER', '10032', '761', 44105, '2275', '1000', '10032', '2019', 'Desktop', 2),
(61, 'Radeon R9 Fury + Fury X', '9741', '811', 44999, '2165', '2750', '3542', '2015', 'Desktop', 1),
(62, 'GeForce GTX 1060 3GB', '9728', '779', 3050, '319', '1200', '8107', '2016', 'Desktop', 2),
(63, 'GeForce GTX 970', '9688', '781', 23799, '4071', '1450', '6681', '2014', 'Desktop', 2),
(64, 'Radeon RX 590', '9665', '810', 54999, '1757', '1750', '5523', '2018', 'Desktop', 1),
(65, 'Quadro P2200', '9486', '971', 57717, '1643', '750', '12647', '2019', 'Workstation', 2),
(66, 'GeForce GTX 780 Ti', '9312', '626', 33999, '2739', '2500', '3725', '2013', 'Desktop', 2),
(67, 'Radeon Pro W5500', '9269', '896', 48099, '1927', '1250', '7415', '2020', 'Desktop', 1),
(68, 'Quadro M5000', '9262', '679', 4990, '1856', '1500', '6174', '2015', 'Workstation', 2),
(69, 'GeForce GTX TITAN Z', '9189', '648', 15150, '607', '3750', '245', '2014', 'Desktop', 2),
(70, 'Radeon RX 5500 XT', '9188', '824', 4490, '2046', '1300', '7068', '2019', 'Desktop', 1),
(71, 'GeForce GTX TITAN Black', '9140', '616', 52499, '1741', '2500', '3656', '2014', 'Desktop', 2),
(72, 'GeForce RTX 3050 Laptop GPU', '9037', '416', 37999, '2378', '800', '11297', '2021', 'Mobile', 2),
(73, 'Radeon RX 580', '8907', '772', 3490, '2552', '1850', '4814', '2017', 'Desktop', 1),
(74, 'GeForce GTX 1060 5GB', '8704', '680', 48799, '1784', '1200', '7254', '2018', 'Desktop', 2),
(75, 'Radeon RX 480', '8674', '779', 33999, '2551', '1500', '5783', '2016', 'Desktop', 1),
(76, 'Radeon R9 295X2', '8619', '804', 4991, '1727', '5000', '1724', '2014', 'Desktop', 1),
(77, 'GeForce GTX Titan', '8556', '660', 7450, '1148', '2500', '3422', '2013', 'Desktop', 2),
(78, 'Radeon R9 290X / 390X', '8389', '699', 31999, '2622', '2900', '2893', '2013', 'Desktop', 1),
(79, 'Radeon Pro Duo', '8324', '715', 119906, '694', '3500', '2378', '2016', 'Desktop', 1),
(80, 'Radeon R9 290 / 390', '8150', '695', 3800, '2145', '2750', '2964', '2013', 'Desktop', 1),
(81, 'Quadro K6000', '8108', '556', 3920, '2068', '2250', '3603', '2013', 'Workstation', 2),
(82, 'Radeon RX 470/570', '8070', '726', 38899, '2074', '1200', '6725', '2016', 'Desktop', 1),
(83, 'GeForce GTX 780', '8022', '601', 27999, '2865', '2500', '3209', '2013', 'Desktop', 2),
(84, 'Radeon Pro WX 7100', '7822', '787', 104799, '746', '1300', '6017', '2016', 'Workstation', 1),
(85, 'GeForce GTX 1650', '7807', '592', 2090, '3735', '750', '10409', '2019', 'Desktop', 2),
(86, 'FirePro W9100', '7719', '790', 172999, '446', '2750', '2807', '2014', 'Workstation', 1),
(87, 'FirePro W8100', '7327', '759', 7040, '1041', '2200', '333', '2014', 'Workstation', 1),
(88, 'GeForce GTX 980M', '7317', '514', 28999, '2523', '1000', '7317', '2014', 'Mobile', 2),
(89, 'Quadro P2000', '7096', '692', 5420, '1309', '750', '9461', '2017', 'Workstation', 2),
(90, 'Quadro M5000M', '6807', '482', 54692, '1245', '1000', '6807', '2016', 'Mobile, Workstation', 2),
(91, 'Quadro M4000', '6644', '689', 3620, '1835', '1200', '5537', '2015', 'Workstation', 2),
(92, 'Quadro M4000M', '6530', '471', 25491, '2562', '1000', '653', '2015', 'Mobile, Workstation', 2),
(93, 'GeForce GTX 1050 Ti', '6314', '651', 18942, '3333', '750', '8418', '2016', 'Desktop', 2),
(94, 'Radeon R9 380', '6275', '675', 8999, '6973', '1900', '3302', '2016', 'Desktop', 1),
(95, 'Radeon R9 380X', '6189', '670', 34999, '1768', '1900', '3257', '2015', 'Desktop', 1),
(96, 'FirePro W9000', '6138', '720', 8450, '726', '2740', '224', '2012', 'Workstation', 1),
(97, 'GeForce GTX 960', '6042', '671', 1720, '3513', '1200', '5035', '2015', 'Desktop', 2),
(98, 'GeForce GTX 770', '5892', '551', 2490, '2366', '2300', '2562', '2013', 'Desktop', 2),
(99, 'Quadro K5200', '5780', '501', 4150, '1393', '1500', '3854', '2014', 'Workstation', 2),
(100, 'GeForce GTX 970M', '5761', '406', 20999, '2744', '750', '7682', '2014', 'Mobile', 2),
(101, 'Quadro M3000M', '5678', '432', 15995, '355', '750', '7571', '2015', 'Mobile, Workstation', 2),
(102, 'GeForce GTX 690', '5654', '458', 28099, '2012', '3000', '1885', '2012', 'Desktop', 2),
(103, 'Radeon HD 7990', '5566', '766', 39999, '1391', '3750', '1484', '2013', 'Desktop', 1),
(104, 'Radeon R9 285 / 380', '5550', '655', 4850, '1144', '1900', '2921', '2015', 'Desktop', 1),
(105, 'GeForce GTX 680', '5535', '528', 3990, '1387', '1950', '2838', '2012', 'Desktop', 2),
(106, 'Radeon Pro WX 5100', '5511', '820', 55095, '100', '750', '7347', '2016', 'Workstation', 1),
(107, 'GeForce GTX 950', '5392', '641', 14199, '3798', '900', '5991', '2015', 'Desktop', 2),
(108, 'GeForce GTX 670', '5304', '523', 19398, '2734', '1700', '312', '2012', 'Desktop', 2),
(109, 'Radeon HD 7970 / R9 280X', '5248', '730', 24699, '2125', '2500', '2099', '2012', 'Desktop', 1),
(110, 'GeForce GTX 760 Ti', '5206', '555', 2975, '175', '1700', '3062', '2014', 'Desktop', 2),
(111, 'FirePro W7100', '5175', '667', 3893, '1329', '1500', '345', '2015', 'Workstation', 1),
(112, 'Radeon R9 M295X', '5150', '832', 14490, '355', '1250', '412', '2014', 'Mobile', 1),
(113, 'GeForce GTX 1050', '5090', '475', 2031, '2506', '750', '6786', '2016', 'Desktop', 2),
(114, 'Radeon R9 270X', '4923', '607', 3265, '1508', '1800', '2735', '2013', 'Desktop', 1),
(115, 'GeForce GTX 760', '4775', '523', 1490, '3205', '1700', '2809', '2013', 'Desktop', 2),
(116, 'Radeon HD 7950 / R9 280', '4765', '691', 25998, '1833', '2000', '2382', '2012', 'Desktop', 1),
(117, 'Radeon R9 370', '4722', '781', 15999, '2951', '1500', '3148', '2016', 'Desktop', 1),
(118, 'Radeon HD 7870', '4661', '587', 1760, '2649', '1750', '2664', '2012', 'Desktop', 1),
(119, 'GeForce GTX 580', '4538', '456', 13992, '3243', '2440', '186', '2012', 'Desktop', 2),
(120, 'Quadro P1000', '4466', '659', 2132, '2095', '470', '9502', '2017', 'Workstation', 2),
(121, 'GeForce GTX 660 Ti', '4367', '449', 1440, '3033', '1500', '2911', '2012', 'Desktop', 2),
(122, 'Quadro M2200', '4342', '385', 24999, '1737', '550', '7895', '2017', 'Mobile, Workstation', 2),
(123, 'Quadro K4200', '4337', '502', 2490, '1742', '1050', '4131', '2014', 'Workstation', 2),
(124, 'FirePro W7000', '4276', '551', 27805, '1538', '1500', '2851', '2012', 'Workstation', 1),
(125, 'Radeon R9 270 / R7 370', '4260', '645', 21316, '1998', '1500', '284', '2013', 'Desktop', 1),
(126, 'FirePro S7000', '4166', '615', 24654, '169', '1500', '2777', '2014', 'Workstation', 1),
(127, 'FirePro W8000', '4138', '570', 5730, '722', '1890', '2189', '2013', 'Workstation', 1),
(128, 'Radeon RX 460', '4114', '570', 16681, '2466', '750', '5486', '2016', 'Desktop', 1),
(129, 'GeForce GTX 480', '4110', '447', 16999, '2418', '2500', '1644', '2012', 'Desktop', 2),
(130, 'GeForce GTX 660', '4004', '476', 16795, '2384', '1400', '286', '2012', 'Desktop', 2),
(131, 'Quadro M2000', '3942', '565', 26424, '1492', '750', '5256', '2016', 'Workstation', 2),
(132, 'GeForce GTX 750 Ti', '3919', '498', 8811, '4448', '600', '6532', '2014', 'Desktop', 2),
(133, 'GeForce GTX 570', '3902', '466', 14999, '2602', '2190', '1782', '2012', 'Desktop', 2),
(134, 'Quadro K5000', '3901', '435', 2490, '1567', '1220', '3198', '2012', 'Workstation', 2),
(135, 'Radeon HD 8970M', '3876', '807', 13999, '2769', '1000', '3876', '2014', 'Mobile', 1),
(136, 'Radeon HD 7850', '3826', '550', 16999, '2251', '1300', '2943', '2012', 'Desktop', 1),
(137, 'Radeon Pro WX 4100', '3766', '690', 49999, '753', '500', '7532', '2017', 'Desktop', 1),
(138, 'GeForce GTX 780M', '3755', '386', 4990, '752', '1220', '3078', '2013', 'Mobile', 2),
(139, 'Quadro P620', '3640', '575', 23649, '1539', '400', '910', '2018', 'Workstation', 2),
(140, 'Radeon RX 560', '3594', '506', 22591, '1591', '800', '4492', '2017', 'Desktop', 1),
(141, 'Quadro K2200', '3541', '534', 2683, '132', '680', '5207', '2014', 'Workstation', 2),
(142, 'Quadro M2000M', '3539', '342', 21316, '166', '550', '6435', '2015', 'Mobile, Workstation', 2),
(143, 'GeForce GTX 960M', '3419', '245', 11690, '292', '650', '5259', '2015', 'Mobile', 2),
(144, 'GeForce GTX 750', '3399', '480', 21999, '1545', '550', '618', '2014', 'Desktop', 2),
(145, 'Quadro P600', '3324', '482', 32599, '102', '400', '8311', '2017', 'Workstation', 2),
(146, 'GeForce GTX 590', '3307', '470', 4350, '76', '3650', '906', '2011', 'Desktop', 2),
(147, 'Quadro K5100M', '3266', '418', 110884, '295', '1000', '3266', '2014', 'Workstation', 2),
(148, 'GeForce GTX 470', '3147', '381', 5999, '5245', '2150', '1464', '2012', 'Desktop', 2),
(149, 'Radeon R7 260X', '3147', '506', 13999, '2248', '1150', '2737', '2013', 'Desktop', 1),
(150, 'Tesla C2070', '3101', '494', 6040, '513', '2470', '1256', '2011', 'Workstation', 2),
(151, 'Radeon HD 7790', '3090', '459', 13999, '2207', '850', '3636', '2013', 'Desktop', 1),
(152, 'GeForce GTX 680M', '3077', '348', 13599, '2262', '1000', '3077', '2012', 'Mobile', 2),
(153, 'FirePro W5000', '3056', '587', 1840, '1661', '750', '4074', '2012', 'Workstation', 1),
(154, 'GeForce GTX 560 Ti', '3056', '416', 12999, '2351', '1700', '1798', '2012', 'Desktop', 2),
(155, 'GeForce GTX 860M', '3045', '226', 1140, '2671', '450', '6767', '2014', 'Mobile', 2),
(156, 'Radeon R7 360', '3034', '495', 14599, '2078', '1000', '3034', '2015', 'Desktop', 1),
(157, 'Radeon R9 360', '3032', '460', 13389, '2264', '850', '3567', '2015', 'Desktop', 1),
(158, 'Radeon HD 6990', '3013', '630', 49849, '604', '3750', '804', '2011', 'Desktop', 1),
(159, 'Quadro M1000M', '2987', '335', 8599, '3474', '400', '7468', '2015', 'Mobile, Workstation', 2),
(160, 'FirePro W5100', '2957', '541', 12599, '2347', '750', '3943', '2014', 'Workstation', 1),
(161, 'Radeon R7 260', '2892', '559', 8999, '3213', '950', '3044', '2014', 'Desktop', 1),
(162, 'Quadro K1200', '2874', '575', 2040, '1409', '450', '6386', '2015', 'Workstation', 2),
(163, 'FirePro W4300', '2863', '771', 23999, '1193', '500', '5726', '2016', 'Workstation', 1),
(164, 'Radeon HD 6970', '2863', '430', 14999, '1909', '2500', '1145', '2012', 'Desktop', 1),
(165, 'FirePro 3D V9800', '2812', '556', 24990, '113', '2250', '125', '2011', 'Workstation', 1),
(166, 'GeForce GTX 770M', '2786', '327', 1380, '2019', '750', '3714', '2013', 'Mobile', 2),
(167, 'Quadro K4100M', '2756', '352', 26129, '1055', '1000', '2756', '2013', 'Workstation', 2),
(168, 'Quadro K5000M', '2754', '363', 50891, '541', '1000', '2754', '2012', 'Workstation', 2),
(169, 'Radeon RX 550', '2718', '484', 15774, '1723', '500', '5435', '2017', 'Desktop', 1),
(170, 'GeForce GTX 560', '2711', '418', 2050, '1323', '1500', '1808', '2012', 'Desktop', 2),
(171, 'Quadro K4000', '2700', '419', 2700, '100', '800', '3375', '2012', 'Workstation', 2),
(172, 'Quadro 6000', '2689', '458', 409238, '66', '2040', '1318', '2010', 'Workstation', 2),
(173, 'GeForce GTX 465', '2681', '454', 1950, '1375', '2000', '1341', '2012', 'Desktop', 2),
(174, 'Radeon HD 6950', '2650', '421', 13999, '1893', '2000', '1325', '2012', 'Desktop', 1),
(175, 'GeForce GTX 950M', '2602', '219', 5670, '459', '750', '347', '2015', 'Mobile', 2),
(176, 'GeForce GT 1030', '2545', '449', 10999, '2313', '300', '8482', '2017', 'Desktop', 2),
(177, 'GeForce GTX 650 Ti', '2527', '400', 9305, '2716', '1100', '2298', '2012', 'Desktop', 2),
(178, 'Radeon Pro WX 3200', '2456', '478', 21699, '1132', '650', '3778', '2019', 'Mobile', 1),
(179, 'FirePro 3D V8800', '2438', '632', 42499, '574', '2080', '1172', '2010', 'Workstation', 1),
(180, 'GeForce GTX 580M', '2373', '455', 24868, '954', '1000', '2373', '2011', 'Mobile', 2),
(181, 'FirePro V7900', '2310', '324', 1900, '1216', '1500', '154', '2011', 'Workstation', 1),
(182, 'GeForce MX150', '2310', '218', 5929, '3897', '250', '9241', '2017', 'Mobile', 2),
(183, 'GeForce GTX 460', '2289', '381', 8999, '2544', '1500', '1526', '2012', 'Desktop', 2),
(184, 'Radeon HD 6970M', '2270', '656', 21599, '1051', '750', '3027', '2011', 'Mobile', 1),
(185, 'Radeon R7 250X', '2269', '637', 1940, '117', '950', '2388', '2015', 'Desktop', 1),
(186, 'Radeon HD 5870', '2266', '410', 2950, '768', '2280', '994', '2012', 'Desktop', 1),
(187, 'Quadro K3100M', '2263', '327', 39995, '566', '750', '3017', '2013', 'Workstation', 2),
(188, 'Radeon HD 5970', '2249', '393', 17999, '125', '2940', '765', '2012', 'Desktop', 1),
(189, 'Quadro K620', '2246', '472', 202999, '111', '450', '4991', '2014', 'Workstation', 2),
(190, 'Radeon HD 6870', '2223', '397', 2750, '808', '1510', '1472', '2012', 'Desktop', 1),
(191, 'Radeon HD 7770', '2204', '471', 3000, '735', '800', '2755', '2012', 'Desktop', 1),
(192, 'GeForce GTX 745', '2175', '469', 28495, '763', '550', '3954', '2014', 'Desktop', 2),
(193, 'GeForce GTX 560 SE', '2087', '413', 8999, '2319', '1500', '1391', '2012', 'Desktop', 2),
(194, 'Quadro M600M', '2008', '446', 25199, '797', '300', '6693', '2015', 'Mobile, Workstation', 2),
(195, 'Radeon R9 350', '2007', '552', 2990, '671', '600', '3345', '2016', 'Desktop', 1),
(196, 'GeForce GTX 460 v2', '2005', '459', 19999, '1002', '1600', '1253', '2011', 'Desktop', 2),
(197, 'Quadro 5000', '1982', '376', 23689, '84', '1520', '1304', '2010', 'Workstation', 2),
(198, 'Radeon HD 6850', '1979', '425', 850, '2329', '1270', '1559', '2012', 'Desktop', 1),
(199, 'GeForce GTX 460 SE', '1974', '359', 15999, '1234', '1500', '1316', '2012', 'Desktop', 2),
(200, 'GeForce GTX 765M', '1972', '277', 1863, '1059', '650', '3034', '2013', 'Mobile', 2),
(201, 'Radeon HD 5850', '1966', '404', 28899, '68', '1510', '1302', '2012', 'Desktop', 1),
(202, 'Radeon R7 450', '1966', '573', 2990, '658', '650', '3025', '2016', 'Desktop', 1),
(203, 'Quadro K4000M', '1949', '351', 2540, '767', '1000', '1949', '2012', 'Workstation', 2),
(204, 'Radeon Pro WX 4150', '1935', '413', 61203, '316', '500', '387', '2017', 'Mobile', 1),
(205, 'Radeon RX 570X', '1923', '750', 27999, '687', '1200', '1603', '2020', 'Desktop', 1),
(206, 'Quadro 5010M', '1891', '366', 23595, '802', '1000', '1891', '2011', 'Workstation', 2),
(207, 'FirePro 3D V7800', '1867', '562', 59999, '311', '1380', '1353', '2010', 'Workstation', 1),
(208, 'GeForce GTX 650', '1769', '346', 10998, '1608', '640', '2763', '2012', 'Desktop', 2),
(209, 'FirePro W600', '1752', '631', 41499, '422', '750', '2336', '2013', 'Workstation', 1),
(210, 'Radeon HD 5830', '1735', '382', 25899, '67', '1750', '991', '2012', 'Desktop', 1),
(211, 'Radeon HD 7750', '1696', '398', 9999, '1697', '550', '3085', '2012', 'Desktop', 1),
(212, 'Quadro K3000M', '1626', '360', 40756, '399', '750', '2168', '2012', 'Workstation', 2),
(213, 'Quadro K2000D', '1614', '396', 33999, '475', '510', '3164', '2013', 'Workstation', 2),
(214, 'Quadro P400', '1614', '427', 20117, '802', '300', '538', '2017', 'Workstation', 2),
(215, 'Radeon HD 6790', '1613', '370', 2940, '549', '1500', '1075', '2011', 'Desktop', 1),
(216, 'Quadro K2000', '1567', '371', 2940, '533', '510', '3072', '2013', 'Workstation', 2),
(217, 'GeForce GTX 550 Ti', '1557', '363', 9999, '1557', '1160', '1342', '2012', 'Desktop', 2),
(218, 'GeForce GTX 285', '1550', '117', 11999, '1292', '2040', '76', '2009', 'Desktop', 2),
(219, 'FirePro W4100', '1541', '535', 1840, '838', '500', '3082', '2014', 'Workstation', 1),
(220, 'Radeon HD 4890', '1533', '103', 8999, '1704', '1900', '807', '2012', 'Desktop', 1),
(221, 'GeForce GT 740', '1529', '344', 23699, '645', '640', '2388', '2014', 'Desktop', 2),
(222, 'Quadro 4000', '1489', '366', 97899, '152', '1420', '1049', '2010', 'Workstation', 2),
(223, 'GeForce GTX 660M', '1414', '271', 7899, '1791', '500', '2829', '2012', 'Mobile', 2),
(224, 'GeForce GTX 275', '1401', '106', 43172, '324', '2190', '64', '2012', 'Desktop', 2),
(225, 'Radeon HD 4870', '1391', '72', 7999, '1739', '1500', '927', '2012', 'Desktop', 1),
(226, 'Radeon R9 M370X', '1374', '346', 8890, '155', '500', '2747', '2015', 'Mobile', 1),
(227, 'Radeon HD 5770', '1351', '328', 18999, '711', '1080', '1251', '2012', 'Desktop', 1),
(228, 'Quadro K2100M', '1348', '281', 41599, '324', '550', '2451', '2013', 'Workstation', 2),
(229, 'GeForce GTS 450', '1321', '303', 7999, '1652', '1060', '1247', '2012', 'Desktop', 2),
(230, 'Quadro 4000M', '1307', '256', 23206, '563', '1000', '1307', '2011', 'Workstation', 2),
(231, 'FirePro 3D V8750', '1272', '542', 123099, '103', '1540', '826', '2009', 'Workstation', 1),
(232, 'FirePro V5900', '1271', '352', 860, '1478', '750', '1694', '2011', 'Workstation', 1),
(233, 'Quadro FX 5800', '1248', '134', 2740, '455', '1890', '66', '2009', 'Workstation', 2),
(234, 'FirePro 3D V5800', '1232', '339', 2040, '604', '740', '1665', '2010', 'Workstation', 1),
(235, 'Radeon HD 6770', '1231', '313', 26499, '465', '1080', '114', '2011', 'Desktop', 1),
(236, 'GeForce GTX 260', '1221', '88', 7999, '1527', '2020', '605', '2012', 'Desktop', 2),
(237, 'Radeon HD 7730', '1217', '402', 2327, '523', '470', '2589', '2015', 'Desktop', 1),
(238, 'FirePro 3D V8700', '1206', '515', 17007, '709', '1510', '799', '2010', 'Workstation', 1),
(239, 'GeForce GT 640', '1182', '285', 10999, '1074', '650', '1818', '2011', 'Desktop', 2),
(240, 'GeForce GTX 280', '1181', '121', 52278, '226', '2360', '50', '2012', 'Desktop', 2),
(241, 'GeForce GTX 295', '1171', '150', 15999, '732', '2890', '405', '2009', 'Desktop', 2),
(242, 'Radeon HD 5750', '1156', '336', 6999, '1652', '860', '1344', '2012', 'Desktop', 1),
(243, 'Radeon R7 250', '1151', '296', 18997, '606', '750', '1534', '2013', 'Desktop', 1),
(244, 'Quadro K1100M', '1082', '250', 32299, '335', '450', '2404', '2013', 'Workstation', 2),
(245, 'Quadro K2000M', '1027', '256', 14404, '713', '550', '1867', '2012', 'Workstation', 2),
(246, 'Quadro 3000M', '1024', '323', 6999, '1463', '750', '1365', '2011', 'Workstation', 2),
(247, 'Radeon HD 6750', '1005', '304', 7999, '1257', '860', '1169', '2011', 'Desktop', 1),
(248, 'Radeon HD 8570', '991', '308', 9868, '1004', '660', '1501', '2013', 'Desktop', 1),
(249, 'Quadro FX 4800', '979', '106', 2040, '48', '1500', '652', '2012', 'Workstation', 2),
(250, 'FirePro V4900', '974', '318', 14999, '65', '750', '1299', '2012', 'Workstation', 1),
(251, 'Radeon HD 4850', '953', '110', 3780, '252', '1100', '867', '2012', 'Desktop', 1),
(252, 'Quadro 2000', '942', '294', 21323, '442', '620', '152', '2010', 'Workstation', 2),
(253, 'Radeon HD 4770', '906', '172', 5999, '151', '800', '1132', '2011', 'Desktop', 1),
(254, 'FirePro W2100', '890', '327', 590, '1509', '260', '3424', '2014', 'Workstation', 1),
(255, 'Radeon R7 240', '863', '258', 10999, '784', '300', '2876', '2013', 'Desktop', 1),
(256, 'Radeon HD 4830', '860', '81', 5999, '1434', '950', '906', '2012', 'Desktop', 1),
(257, 'FirePro 3D V4800', '854', '324', 15999, '533', '690', '1237', '2010', 'Workstation', 1),
(258, 'GeForce GT 730', '812', '238', 10999, '738', '490', '1656', '2014', 'Desktop', 2),
(259, 'GeForce 9800 GX2', '798', '518', 1950, '409', '1970', '405', '2009', 'Desktop', 2),
(260, 'Radeon HD 5670', '784', '279', 670, '1171', '640', '1226', '2012', 'Desktop', 1),
(261, 'Quadro FX 3800', '780', '100', 25913, '301', '1080', '722', '2009', 'Workstation', 2),
(262, 'Quadro K420', '775', '280', 2690, '288', '410', '1889', '2014', 'Workstation', 2),
(263, 'GeForce GT 340', '774', '469', 5299, '1462', '690', '1122', '2011', 'Desktop', 2),
(264, 'Quadro 2000M', '773', '249', 22974, '337', '550', '1406', '2012', 'Workstation', 2),
(265, 'Quadro K1000M', '773', '244', 6995, '1105', '450', '1718', '2012', 'Workstation', 2),
(266, 'GeForce 9800 GTX', '769', '366', 7499, '1026', '1400', '549', '2009', 'Desktop', 2),
(267, 'Quadro K600', '769', '263', 6024, '1277', '410', '1876', '2013', 'Workstation', 2),
(268, 'GeForce GT 440', '766', '238', 2250, '34', '650', '1178', '2010', 'Desktop', 2),
(269, 'Radeon HD 6670', '745', '236', 6899, '108', '660', '1129', '2012', 'Desktop', 1),
(270, 'NVS 510', '730', '276', 13999, '521', '350', '2085', '2012', 'Workstation', 2),
(271, 'Quadro K610M', '708', '239', 2400, '295', '300', '236', '2014', 'Workstation', 2),
(272, 'GeForce GT 555M', '688', '124', 1772, '388', '300', '2292', '2011', 'Mobile', 2),
(273, 'GeForce GT 630', '683', '208', 14701, '465', '500', '1367', '2012', 'Desktop', 2),
(274, 'GeForce GT 530', '676', '227', 490, '1379', '500', '1352', '2011', 'Desktop', 2),
(275, 'GeForce GT 640M LE', '673', '166', 84999, '79', '320', '2103', '2012', 'Mobile', 2),
(276, 'Quadro 500M', '664', '588', 27514, '241', '350', '1897', '2013', 'Workstation', 2),
(277, 'FirePro V3900', '662', '242', 23844, '2.78E+16', '500', '1324', '2012', 'Workstation', 1),
(278, 'GeForce GT 710', '637', '214', 10299, '618', '250', '2547', '2014', 'Desktop', 2),
(279, 'GeForce GTS 240', '622', '212', 6499, '957', '1200', '518', '2009', 'Desktop', 2),
(280, 'GeForce GTS 250', '618', '91', 6999, '884', '1500', '412', '2012', 'Desktop', 2),
(281, 'Radeon HD 7570', '613', '265', 10249, '599', '440', '1394', '2012', 'Desktop', 1),
(282, 'GeForce GT 720', '606', '196', 9999, '606', '190', '3191', '2014', 'Desktop', 2),
(283, 'GeForce GT 430', '603', '191', 13999, '431', '490', '123', '2012', 'Desktop', 2),
(284, 'Quadro 1000M', '599', '201', 545, '1099', '450', '1331', '2012', 'Workstation', 2),
(285, 'GeForce 8800 GTX', '597', '105', 11999, '498', '1550', '385', '2012', 'Desktop', 2),
(286, 'Radeon HD 3870', '576', '82', 6999, '822', '1060', '543', '2012', 'Desktop', 1),
(287, 'FirePro 3D V5700', '547', '517', 31999, '171', '580', '943', '2009', 'Workstation', 1),
(288, 'Quadro 600', '546', '225', 760, '718', '400', '1364', '2012', 'Workstation', 2),
(289, 'FirePro 3D V7750', '545', '468', 3500, '156', '760', '717', '2009', 'Workstation', 1),
(290, 'GeForce GT 240', '543', '78', 16097, '337', '690', '787', '2012', 'Desktop', 2),
(291, 'Radeon R5 240', '520', '191', 850, '611', '500', '1039', '2014', 'Desktop', 1),
(292, 'GeForce 8800 GT', '519', '85', 6999, '742', '1250', '415', '2009', 'Desktop', 2),
(293, 'Radeon R5 330', '513', '200', 33999, '151', '300', '1712', '2017', 'Desktop', 1),
(294, 'GeForce 9600 GT', '505', '60', 6499, '777', '950', '532', '2011', 'Desktop', 2),
(295, 'Radeon HD 6570', '496', '193', 6381, '778', '440', '1128', '2012', 'Desktop', 1),
(296, 'GeForce GT 540M', '493', '86', 8795, '561', '320', '1541', '2012', 'Mobile', 2),
(297, 'Radeon HD 7670M', '485', '123', 62999, '77', '200', '2423', '2012', 'Mobile', 1),
(298, 'GeForce 9800 GT', '481', '94', 7499, '641', '1250', '384', '2012', 'Desktop', 2),
(299, 'Radeon HD 5570', '473', '177', 16399, '289', '390', '1214', '2012', 'Desktop', 1),
(300, 'FirePro 3D V3800', '472', '507', 14999, '315', '430', '1098', '2010', 'Workstation', 1),
(301, 'Quadro FX 3700M', '467', '117', 9250, '5', '750', '623', '2009', 'Workstation', 2),
(302, 'GeForce 9800M GTX', '462', '117', 3285, '1.41E+16', '750', '615', '2009', 'Mobile', 2),
(303, 'GeForce GT 320', '444', '92', 3269, '1359', '430', '1033', '2010', 'Desktop', 2),
(304, 'GeForce 8800 GTS', '440', '56', 7999, '55', '1460', '301', '2012', 'Desktop', 2),
(305, 'Quadro FX 4600', '437', '202', 33325, '131', '1340', '326', '2009', 'Workstation', 2),
(306, 'Quadro 410', '436', '218', 1290, '338', '380', '1147', '2012', 'Workstation', 2),
(307, 'Quadro FX 2800M', '433', '80', 1900, '2.28E+16', '750', '577', '2010', 'Workstation', 2),
(308, 'GeForce GT 420', '411', '187', 1550, '265', '500', '822', '2010', 'Desktop', 2),
(309, 'Quadro FX 1800', '405', '90', 1350, '30', '590', '687', '2009', 'Workstation', 2),
(310, 'Quadro FX 3700', '384', '158', 21327, '18', '780', '493', '2010', 'Workstation', 2),
(311, 'Radeon HD 4670', '384', '50', 14296, '269', '590', '651', '2012', 'Desktop', 1),
(312, 'Radeon HD 5550', '383', '187', 5499, '697', '390', '983', '2010', 'Desktop', 1),
(313, 'GeForce GT 620', '365', '162', 1540, '237', '300', '1216', '2012', 'Desktop', 2),
(314, 'Quadro FX 2700M', '358', '74', 9995, '358', '650', '551', '2009', 'Workstation', 2),
(315, 'GeForce GT 705', '355', '180', 29676, '12', '290', '1224', '2014', 'Desktop', 2),
(316, 'GeForce 9600 GSO', '350', '118', 4999, '70', '840', '417', '2009', 'Desktop', 2),
(317, 'GeForce GT 130', '347', '143', 15134, '23', '750', '463', '2009', 'Desktop', 2),
(318, 'FirePro 3D V3750', '341', '467', 5088, '671', '480', '711', '2009', 'Workstation', 1),
(319, 'FirePro RG220', '335', '552', 65018, '52', '350', '958', '2011', 'Workstation', 1),
(320, 'Radeon R5 235', '329', '176', 6013, '547', '350', '94', '2014', 'Desktop', 1),
(321, 'Radeon HD 7470', '316', '177', 8137, '389', '270', '1171', '2012', 'Desktop', 1),
(322, 'Quadro FX 3500M', '306', '309', 9999, '306', '450', '6.81E+16', '2009', 'Workstation', 2),
(323, 'GeForce GT 610', '303', '127', 13999, '216', '290', '1044', '2012', 'Desktop', 2),
(324, 'GeForce GT 520', '297', '126', 3040, '98', '290', '1025', '2011', 'Desktop', 2),
(325, 'Quadro FX 3500', '292', '106', 6898, '423', '800', '365', '2009', 'Workstation', 2),
(326, 'GeForce 7800 GTX', '291', '196', 716, '406', '860', '338', '2009', 'Desktop', 2),
(327, 'GeForce GT 520M', '288', '74', 2995, '962', '120', '2401', '2012', 'Mobile', 2),
(328, 'NVS 315', '286', '187', 6999, '409', '195', '1468', '2014', 'Workstation', 2),
(329, 'Radeon HD 2600 XT', '283', '371', 1590, '178', '450', '628', '2011', 'Desktop', 1),
(330, 'Radeon HD 8490', '265', '173', 8999, '294', '350', '757', '2014', 'Desktop', 1),
(331, 'GeForce 510', '257', '199', 6999, '367', '250', '1027', '2011', 'Desktop', 2),
(332, 'NVS 310', '242', '179', 6206, '39', '195', '124', '2012', 'Workstation', 2),
(333, 'Quadro FX 5500', '242', '394', 19990, '12', '960', '2.53E+16', '2009', 'Workstation', 2),
(334, 'Radeon HD 4550', '236', '429', 1560, '151', '200', '1179', '2012', 'Desktop', 1),
(335, 'Quadro FX 4500', '226', '143', 1690, '134', '1090', '208', '2009', 'Workstation', 2),
(336, 'Radeon HD 7450', '221', '147', 4999, '442', '180', '1228', '2012', 'Desktop', 1),
(337, 'Radeon HD 4650', '219', '39', 6999, '313', '480', '457', '2011', 'Desktop', 1),
(338, 'Quadro FX 2500M', '218', '272', 175, '1245', '450', '484', '2009', 'Workstation', 2),
(339, 'GeForce GT 220', '211', '56', 3999, '528', '580', '364', '2012', 'Desktop', 2),
(340, 'Radeon HD 2600 PRO', '211', '337', 18844, '112', '350', '604', '2011', 'Desktop', 1),
(341, 'Radeon HD 6380G', '204', '97', 39999, '51', '350', '584', '2012', 'Mobile', 1),
(342, 'Radeon HD 6450', '200', '120', 890, '225', '180', '111', '2011', 'Desktop', 1),
(343, 'Quadro FX 770M', '198', '92', 5270, '38', '350', '565', '2009', 'Workstation', 2),
(344, 'Quadro FX 1500', '190', '105', 11501, '165', '650', '292', '2009', 'Workstation', 2),
(345, 'Quadro FX 1600M', '186', '211', 1499, '124', '500', '371', '2009', 'Workstation', 2),
(346, 'Quadro FX 380', '186', '151', 725, '256', '340', '546', '2012', 'Workstation', 2),
(347, 'FirePro 3D V3700', '179', '466', 8499, '21', '320', '558', '2011', 'Workstation', 1),
(348, 'GeForce GT 120', '175', '91', 2999, '582', '500', '349', '2009', 'Desktop', 2),
(349, 'FirePro 2460', '170', '352', 8399, '203', '170', '1002', '2012', 'Workstation', 1),
(350, 'Radeon HD 8350', '165', '233', 9981, '165', '44', '3741', '2013', 'Desktop', 1),
(351, 'GeForce 8600 GTS', '161', '35', 24199, '67', '750', '215', '2012', 'Desktop', 2),
(352, 'GeForce 315', '159', '66', 3299, '483', '330', '483', '2010', 'Desktop', 2),
(353, 'Quadro FX 570', '156', '140', 1150, '1.36E+16', '380', '41', '2009', 'Workstation', 2),
(354, 'Quadro FX 580', '155', '58', 1300, '119', '400', '388', '2009', 'Workstation', 2),
(355, 'Quadro FX 3450', '149', '235', 11999, '124', '830', '18', '2009', 'Workstation', 2),
(356, 'Radeon HD 6320', '148', '45', 55499, '27', '450', '329', '2011', 'Mobile', 1),
(357, 'FirePro 2270', '147', '195', 1340, '11', '170', '867', '2012', 'Workstation', 1),
(358, 'Quadro 400', '146', '67', 2110, '6.9E+15', '320', '457', '2011', 'Workstation', 2),
(359, 'RADEON HD 6350', '141', '171', 590, '239', '191', '738', '2011', 'Desktop', 1),
(360, 'Radeon HD 5450', '138', '149', 9496, '145', '191', '722', '2012', 'Desktop', 1),
(361, 'GeForce 9650M GT', '137', '62', 1173, '117', '230', '596', '2009', 'Mobile', 2),
(362, 'GeForce 9500 GT', '135', '40', 8599, '157', '500', '27', '2009', 'Desktop', 2),
(363, 'Radeon R5 220', '135', '112', 8526, '158', '190', '709', '2015', 'Desktop', 1),
(364, 'GeForce 9600M GT', '132', '39', 782, '169', '230', '575', '2009', 'Mobile', 2),
(365, 'GeForce 8400 GS', '128', '32', 8597, '149', '400', '321', '2012', 'Desktop', 2),
(366, 'Quadro FX 1400', '124', '152', 24501, '51', '700', '177', '2011', 'Workstation', 2),
(367, 'GeForce 310', '122', '61', 10835, '112', '305', '399', '2010', 'Desktop', 2),
(368, 'Quadro FX 1700', '118', '44', 35014, '34', '420', '28', '2009', 'Workstation', 2),
(369, 'Radeon HD 3450', '118', '29', 890, '133', '250', '474', '2011', 'Desktop', 1),
(370, 'FireMV 2260', '117', '488', 8808, '133', '150', '782', '2011', 'Workstation', 1),
(371, 'GeForce 8600 GT', '117', '63', 1960, '6E+15', '470', '249', '2012', 'Desktop', 2),
(372, 'NVS 300', '114', '60', 6297, '181', '175', '65', '2011', 'Workstation', 2),
(373, 'Quadro FX 560', '114', '360', 15025, '76', '300', '38', '2009', 'Workstation', 2),
(374, 'GeForce 9400 GT', '105', '60', 15999, '66', '500', '211', '2010', 'Desktop', 2),
(375, 'Radeon HD 4350', '103', '34', 10224, '10', '200', '513', '2012', 'Desktop', 1),
(376, 'GeForce 8400M GS', '98', '47', 782, '125', '110', '891', '2009', 'Mobile', 2),
(377, 'GeForce 210', '97', '39', 5492, '177', '305', '319', '2009', 'Desktop', 2),
(378, 'GeForce 9300M GS', '92', '33', 4342, '212', '130', '71', '2009', 'Mobile', 2),
(379, 'Radeon HD 3470', '90', '95', 10965, '8.2E+15', '300', '299', '2011', 'Desktop', 1),
(380, 'GeForce 8600M GT', '89', '42', 1081, '8.2E+15', '200', '445', '2011', 'Mobile', 2),
(381, 'Radeon X1650 Pro', '85', '241', 16089, '53', '440', '1.93E+16', '2010', 'Desktop', 1),
(382, 'Quadro FX 370', '84', '385', 1250, '67', '350', '239', '2009', 'Workstation', 2),
(383, 'Quadro FX 540', '81', '294', 5999, '135', '350', '231', '2009', 'Workstation', 2),
(384, 'Quadro NVS 295', '75', '73', 630, '119', '230', '327', '2009', 'Workstation', 2),
(385, 'Radeon X1550', '67', '253', 1550, '43', '270', '247', '2009', 'Desktop', 1),
(386, 'Quadro FX 550', '64', '325', 28782, '22', '250', '255', '2009', 'Workstation', 2),
(387, 'FirePro 2450', '51', '482', 8999, '5.7E+15', '360', '142', '2010', 'Workstation', 1);

-- --------------------------------------------------------

--
-- Table structure for table `gpu_recommendation`
--

CREATE TABLE `gpu_recommendation` (
  `recommendation_id` int(11) NOT NULL,
  `best_gpu` int(11) NOT NULL,
  `similar_1` int(11) NOT NULL,
  `recommendation_date` date NOT NULL
) ENGINE=InnoDB DEFAULT CHARSET=utf8mb4 COLLATE=utf8mb4_general_ci;

-- --------------------------------------------------------

--
-- Table structure for table `migrations`
--

CREATE TABLE `migrations` (
  `id` int(10) UNSIGNED NOT NULL,
  `migration` varchar(255) NOT NULL,
  `batch` int(11) NOT NULL
) ENGINE=InnoDB DEFAULT CHARSET=utf8mb4 COLLATE=utf8mb4_general_ci;

--
-- Dumping data for table `migrations`
--

INSERT INTO `migrations` (`id`, `migration`, `batch`) VALUES
(1, '2014_10_12_000000_create_users_table', 1),
(2, '2014_10_12_100000_create_password_reset_tokens_table', 1),
(3, '2019_08_19_000000_create_failed_jobs_table', 1),
(4, '2019_12_14_000001_create_personal_access_tokens_table', 1),
(5, '2023_11_02_215608_create_companies_table', 2),
(6, '2023_11_02_234355_create_gpu_datas_table', 3);

-- --------------------------------------------------------

--
-- Table structure for table `password_reset_tokens`
--

CREATE TABLE `password_reset_tokens` (
  `email` varchar(255) NOT NULL,
  `token` varchar(255) NOT NULL,
  `created_at` timestamp NULL DEFAULT NULL
) ENGINE=InnoDB DEFAULT CHARSET=utf8mb4 COLLATE=utf8mb4_general_ci;

-- --------------------------------------------------------

--
-- Table structure for table `personal_access_tokens`
--

CREATE TABLE `personal_access_tokens` (
  `id` bigint(20) UNSIGNED NOT NULL,
  `tokenable_type` varchar(255) NOT NULL,
  `tokenable_id` bigint(20) UNSIGNED NOT NULL,
  `name` varchar(255) NOT NULL,
  `token` varchar(64) NOT NULL,
  `abilities` text DEFAULT NULL,
  `last_used_at` timestamp NULL DEFAULT NULL,
  `expires_at` timestamp NULL DEFAULT NULL,
  `created_at` timestamp NULL DEFAULT NULL,
  `updated_at` timestamp NULL DEFAULT NULL
) ENGINE=InnoDB DEFAULT CHARSET=utf8mb4 COLLATE=utf8mb4_general_ci;

--
-- Dumping data for table `personal_access_tokens`
--

INSERT INTO `personal_access_tokens` (`id`, `tokenable_type`, `tokenable_id`, `name`, `token`, `abilities`, `last_used_at`, `expires_at`, `created_at`, `updated_at`) VALUES
(1, 'App\\Models\\User', 1, 'API TOKEN', '45c79c353ee647a123060b455793281cf94b62fae27da003123fb947fbf72d12', '[\"*\"]', NULL, NULL, '2023-11-13 06:35:47', '2023-11-13 06:35:47'),
(2, 'App\\Models\\User', 1, 'API TOKEN', '9821b81c534307e481be0055845afe31414d9ab9cd943f61f5ecb82d80ded144', '[\"*\"]', NULL, NULL, '2023-11-13 06:36:03', '2023-11-13 06:36:03');

-- --------------------------------------------------------

--
-- Table structure for table `users`
--

CREATE TABLE `users` (
  `id` bigint(20) UNSIGNED NOT NULL,
  `name` varchar(255) NOT NULL,
  `email` varchar(255) NOT NULL,
  `email_verified_at` timestamp NULL DEFAULT NULL,
  `password` varchar(255) NOT NULL,
  `remember_token` varchar(100) DEFAULT NULL,
  `created_at` timestamp NULL DEFAULT NULL,
  `updated_at` timestamp NULL DEFAULT NULL
) ENGINE=InnoDB DEFAULT CHARSET=utf8mb4 COLLATE=utf8mb4_general_ci;

--
-- Dumping data for table `users`
--

INSERT INTO `users` (`id`, `name`, `email`, `email_verified_at`, `password`, `remember_token`, `created_at`, `updated_at`) VALUES
(1, 'kadalduduk', 'kadud123@gmail.com', NULL, '$2y$12$5e1r.OmCpNFJ1/ENki8ahu4Le3nX8SvZ2ytv4PfC3ONnS3VmNXd2e', NULL, '2023-11-13 06:35:47', '2023-11-13 06:35:47');

--
-- Indexes for dumped tables
--

--
-- Indexes for table `admin`
--
ALTER TABLE `admin`
  ADD PRIMARY KEY (`admin_id`);

--
-- Indexes for table `company`
--
ALTER TABLE `company`
  ADD PRIMARY KEY (`company_id`);

--
-- Indexes for table `company_employee`
--
ALTER TABLE `company_employee`
  ADD PRIMARY KEY (`employee_id`),
  ADD KEY `company_id` (`company_id`);

--
-- Indexes for table `failed_jobs`
--
ALTER TABLE `failed_jobs`
  ADD PRIMARY KEY (`id`),
  ADD UNIQUE KEY `failed_jobs_uuid_unique` (`uuid`);

--
-- Indexes for table `gpu_data`
--
ALTER TABLE `gpu_data`
  ADD PRIMARY KEY (`gpu_id`),
  ADD KEY `company` (`company`);

--
-- Indexes for table `gpu_recommendation`
--
ALTER TABLE `gpu_recommendation`
  ADD PRIMARY KEY (`recommendation_id`),
  ADD KEY `best_gpu` (`best_gpu`),
  ADD KEY `similar_1` (`similar_1`);

--
-- Indexes for table `migrations`
--
ALTER TABLE `migrations`
  ADD PRIMARY KEY (`id`);

--
-- Indexes for table `password_reset_tokens`
--
ALTER TABLE `password_reset_tokens`
  ADD PRIMARY KEY (`email`);

--
-- Indexes for table `personal_access_tokens`
--
ALTER TABLE `personal_access_tokens`
  ADD PRIMARY KEY (`id`),
  ADD UNIQUE KEY `personal_access_tokens_token_unique` (`token`),
  ADD KEY `personal_access_tokens_tokenable_type_tokenable_id_index` (`tokenable_type`,`tokenable_id`);

--
-- Indexes for table `users`
--
ALTER TABLE `users`
  ADD PRIMARY KEY (`id`),
  ADD UNIQUE KEY `users_email_unique` (`email`);

--
-- AUTO_INCREMENT for dumped tables
--

--
-- AUTO_INCREMENT for table `admin`
--
ALTER TABLE `admin`
  MODIFY `admin_id` int(11) NOT NULL AUTO_INCREMENT, AUTO_INCREMENT=3;

--
-- AUTO_INCREMENT for table `company`
--
ALTER TABLE `company`
  MODIFY `company_id` int(11) NOT NULL AUTO_INCREMENT, AUTO_INCREMENT=5;

--
-- AUTO_INCREMENT for table `company_employee`
--
ALTER TABLE `company_employee`
  MODIFY `employee_id` int(11) NOT NULL AUTO_INCREMENT, AUTO_INCREMENT=2;

--
-- AUTO_INCREMENT for table `failed_jobs`
--
ALTER TABLE `failed_jobs`
  MODIFY `id` bigint(20) UNSIGNED NOT NULL AUTO_INCREMENT;

--
-- AUTO_INCREMENT for table `gpu_data`
--
ALTER TABLE `gpu_data`
  MODIFY `gpu_id` int(11) NOT NULL AUTO_INCREMENT, AUTO_INCREMENT=776;

--
-- AUTO_INCREMENT for table `gpu_recommendation`
--
ALTER TABLE `gpu_recommendation`
  MODIFY `recommendation_id` int(11) NOT NULL AUTO_INCREMENT;

--
-- AUTO_INCREMENT for table `migrations`
--
ALTER TABLE `migrations`
  MODIFY `id` int(10) UNSIGNED NOT NULL AUTO_INCREMENT, AUTO_INCREMENT=7;

--
-- AUTO_INCREMENT for table `personal_access_tokens`
--
ALTER TABLE `personal_access_tokens`
  MODIFY `id` bigint(20) UNSIGNED NOT NULL AUTO_INCREMENT, AUTO_INCREMENT=3;

--
-- AUTO_INCREMENT for table `users`
--
ALTER TABLE `users`
  MODIFY `id` bigint(20) UNSIGNED NOT NULL AUTO_INCREMENT, AUTO_INCREMENT=2;

--
-- Constraints for dumped tables
--

--
-- Constraints for table `company_employee`
--
ALTER TABLE `company_employee`
  ADD CONSTRAINT `company_employee_ibfk_1` FOREIGN KEY (`company_id`) REFERENCES `company` (`company_id`);

--
-- Constraints for table `gpu_data`
--
ALTER TABLE `gpu_data`
  ADD CONSTRAINT `gpu_data_ibfk_1` FOREIGN KEY (`company`) REFERENCES `company` (`company_id`);

--
-- Constraints for table `gpu_recommendation`
--
ALTER TABLE `gpu_recommendation`
  ADD CONSTRAINT `gpu_recommendation_ibfk_1` FOREIGN KEY (`best_gpu`) REFERENCES `gpu_data` (`gpu_id`),
  ADD CONSTRAINT `gpu_recommendation_ibfk_2` FOREIGN KEY (`similar_1`) REFERENCES `gpu_data` (`gpu_id`);
COMMIT;

/*!40101 SET CHARACTER_SET_CLIENT=@OLD_CHARACTER_SET_CLIENT */;
/*!40101 SET CHARACTER_SET_RESULTS=@OLD_CHARACTER_SET_RESULTS */;
/*!40101 SET COLLATION_CONNECTION=@OLD_COLLATION_CONNECTION */;
